risk_decision,count,proportion
serious,771,0.5652492668621701
not serious,308,0.22580645161290322
undecided,129,0.09457478005865103
potential risk,85,0.062316715542521994
potentially serious,61,0.04472140762463343
no risk,10,0.007331378299120235
