model,accuracy_mean,accuracy_std,bal_acc_mean,bal_acc_std,f1_macro_mean,f1_macro_std,f1_weighted_mean,f1_weighted_std,train_f1_macro_mean,overfit_gap
gb,0.7324256625727215,0.02442002078923548,0.4382447632796344,0.036519117687126346,0.4473716121333925,0.03864926169043275,0.7195664507106491,0.027231836986623126,0.9993150585978157,0.5519434464644232
rf_bal,0.7119020685197155,0.03244937052686492,0.39310152341480303,0.034993932648651534,0.4143545197224393,0.038546589576229404,0.6877098674413697,0.03634598668369729,0.9975823770556881,0.5832278573332488
balanced_rf,0.5146547080370609,0.016214984184729938,0.47395051115970643,0.024914108492054447,0.37345076070776473,0.016208223144633153,0.5602824435295557,0.024788461505880825,0.48699823115889496,0.11354747045113023
logreg_bal,0.22876535229476405,0.022361634337410046,0.279476911322589,0.060600685560763624,0.1736363481224728,0.01860888323338374,0.28124770822182,0.019886518433840816,0.1797883651687186,0.006152017046245795
