feature,H_statistic,p_value,eta_squared,effect_size,k_groups,n_total,significant
out_strength,91.85039454445332,2.7446479900259028e-18,0.06738840392109562,medium,6,1364,***
out_entropy,81.6905237237661,3.715811571415189e-16,0.05993435342902869,small,6,1364,***
role_z,61.38250336570973,6.293498703725998e-12,0.04503485206581785,small,6,1364,***
eigenvector_norm,27.281839099596745,5.02670959105578e-05,0.020016022817018888,small,6,1364,***
in_strength,24.688933635356772,0.00015998345864268046,0.01811367104574965,small,6,1364,***
pagerank_norm,21.142559340344018,0.0007613273090309008,0.015511782348014687,small,6,1364,***
role_P,12.58278785446179,0.02761850642633352,0.009231685880015987,negligible,6,1364,*
closeness,1.6100542330719612,0.9000308224548779,0.00118125769117532,negligible,6,1364,ns
